judge_timestamp,source_run_dir,source_run_name,source_model,judge_model,judge_mode,dataset,prompt_type,config_n,config_k,config_q,run_id,query_index_within_episode,predicted_label,class_options,classifier_raw_response_text,textual_groundedness,hallucination_free,concept_counting,comprehensibility,conciseness,specificity,discriminativeness,instruction_following,logical_coherence,overall_score,judge_parse_error,warning,trial_wall_seconds,latency_seconds,response_id,finish_reason,usage_prompt_tokens,usage_completion_tokens,usage_total_tokens,provider,source_prompt_hash,judge_prompt_hash,judge_message_preview,judge_raw_response_text,num_support_images_shown
2026-06-01T12:18:20.982979+02:00,/gpfs/projects/ugr92/ICL/pipeline/local_runs/local_flowers_nle_20260601_120852,local_flowers_nle_20260601_120852,qwen3-vl,qwen3-vl-32b-thinking,query_only,flowers,nle,2,1,1,0,0,81,"[""81"", ""14""]","<explanation>
The query image shows a purple flower with a distinct star-like shape and a central cluster of stamens, which matches the visual features of the first example (label 81). The second example (label 14) is a yellow iris with a different petal arrangement and color. The query image's purple hue and structural characteristics align with label 81.
</explanation>

<response>81</response>",,,,,,,,,,,"Missing or invalid XML score tags: textual_groundedness, hallucination_free, concept_counting, comprehensibility, conciseness, specificity, discriminativeness, instruction_following, logical_coherence",,528.2977,528.2308,,length,2327,512,2839,local,,a06b972576e224cf,"[{""role"": ""system"", ""content"": [{""type"": ""text"", ""text"": ""You are a fair LLM judge. Your task is providing clear, objective feedback based on specific criteria to evaluate the quality of an explanation generated by an independent LLM query regarding a previous image classification decision. Please, ensure that each assessment reflects the absolute dimensions to score\n\nYou will receive:\n1. The Query image.\n2. The set of candidate class labels.\n3. The candidate model output (explanation).\n4. The predicted class.\n5. A description of the explanation condition that specifies the type of explanation the model was asked to produce and how its output should be interpreted.\n\nTo give feedback, rate the explanation on each of all given dimensions writing a score that is an integer between 1 and 5.\n\n# IMPORTANT EVALUATION PRINCIPLES\nEvaluate the explanation itself, not whether the response is correct or incorrect.\nEvaluate whether the explanation supports the predicted class, regardless of whether the prediction is ultimately correct with respect to external ground truth.\nJudge only what is explicitly present in the model output.\nUse the Query image as the source of truth for whether mentioned features are visible.\n\n# CONDITION DESCRIPTION\nThe model was asked to classify the Query image and provide a concise natural-language explanation.\n\nExpected explanation format:\n- Only the following XML tags are allowed: <explanation>, <response>.\n- The <explanation> block should briefly explain why the visual evidence supports the selected class.\n- The explanation should be grounded only in observable visual evidence.\n- The explanation is free-form natural language.\n\n# DIMENSIONS TO SCORE\n\n## 1. Textual Groundedness\n(Desideratum: Every relevant concept in the image is mentioned in the text explanation)\nA well grounded vision-to-text explanation mentions every relevant concept in the image in the explanation. Evaluate the degree to which the generated text captures all salient objects, attributes, and spatial relationships present in the source image and whether the text provides an exhaustive account of the visual scene without omitting relevant concepts.\nScore:\n1 = Not Grounded (Severe omissions of key concepts in the explanation)\n2 = Weakly Grounded (Major omissions of key concepts)\n3 = Moderately Grounded (Few omissions of key concepts)\n4 = Strongly Grounded (One omission of key concepts)\n5 = Perfectly Grounded (Zero omissions of key concepts)\n\n## 2. Hallucination free\n(Desideratum: Every relevant concept in the explanation is visible in the image)\nA hallucination-free explanation reflects accurate visual evidence. Evaluate whether the explanation reflects accurate visual evidence (Any claims made in the explanation must be visually verifiable in the query image without hallucinating non-existent features).\nScore:\n1 = Severe hallucinations\n2 = Major hallucinations\n3 = Few hallucinations\n4 = One hallucination\n5 = Hallucination-free (Zero hallucinations)\n\n## 3. Concept counting\n(Desideratum: The explanation accurately quantifies the exact number of relevant concepts present in the image)\nA precisely counted explanation ensures that the elements counted in the NLE faithfully correspond with the number of concepts in the image. Evaluate the quantitative accuracy of the explanation (penalizing any discrepancies between the stated count of elements in the text and the actual number of countable elements visible in the image).\nNote: This metric is different from hallucination free because it does reflect, for instance, a model explaining a flower of class f has 5 petals while the Query image shows 6 petals.\nScore:\n1 = Wrong concept counting (0% of the countable features are well counted)\n2 = Weak concept counting (1–33% of the countable features are well counted)\n3 = Moderate concept counting (34–66% of the countable features are well counted)\n4 = Almost perfect concept counting (67–99% of the countable features are well counted)\n5 = Perfect concept counting (100% of the countable features are well counted)\n\n## 4. Comprehensibility\n(Desideratum: The explanation is simple, readable, and perfectly accessible to an end-user without unnecessary complexity)\nA highly comprehensible explanation is easy to read, simple, and accessible to end-users.\nEvaluate whether the explanations are simple, and accessible to end-users by measuring readability and penalizing overly complex or unnecessarily sophisticated explanations and descriptions in terms of symbols that are semantically and structurally similar to those of human experts).\nScore:\n1 = Not Comprehensible (Highly complex)\n2 = Weak Comprehensibility (Mostly complex)\n3 = Medium Comprehensibility (Somewhat complex)\n4 = Strong Comprehensibility (A light degree of complexity)\n5 = Perfectly Comprehensible (No complexity)\n\n## 5. Conciseness\n(Desideratum: The explanation conveys only the strictly necessary information efficiently)\nA concise explanation conveys the necessary information efficiently without unnecessary length nor fillers. Evaluate the length of the explanation (penalizing unnecessarily verbose answers, filler words, or repetition).\nScore:\n1 = Not Concise (Highly verbose, most content is redundant or removable)\n2 = Weakly Concise (Mostly verbose, several sentences can be removed without loss of meaning)\n3 = Medium Conciseness (Somewhat verbose, few sentences or parts can be removed while preserving full meaning)\n4 = Strongly Concise (Light verbosity, one sentence can be removed without losing meaning)\n5 = Perfectly Concise (No unnecessary verbosity, nothing can be removed without losing meaning)\n\n## 6. Specificity\n(Desideratum: The explanation relies exclusively on precise, exact, and non-generic details about the sample being classified.)\nA highly specific explanation provides precise, concrete, and non-generic information about the classified subject. This metric is evaluated locally, meaning it only considers the individual sample at hand, without requiring knowledge of other classes. Evaluate whether the explanation relies on precise details on a local sample-basis (penalizing vague, broad, or generic statements).\nScore:\n1 = Not Specific (Highly vague, 0% of all features are precise, concrete, and non-generic)\n2 = Weakly Specific (Mostly vague, 1-33% of all features are precise, concrete, and non-generic)\n3 = Moderately Specific (Somewhat vague, 34-66% of all features are precise, concrete, and non-generic features)\n4 = Strongly Specific (Minimal vagueness, 67-99% of all features are precise, concrete, and non-generic)\n5 = Perfectly Specific (Zero vagueness, 100% of all features are precise, concrete, and non-generic)\n\n## 7. Discriminativeness\n(Desideratum: The explanation successfully isolates the unique features that separate the predicted class from all others)\nA discriminative explanation highlights the features and values that truly support the predicted class over all others — focusing on pathognomonic features (those distinctively characteristic to identify the class) rather than correlated or commonly shared ones. This metric is evaluated locally: the evaluator must be aware of all classes present in the trial in order to judge whether a feature genuinely distinguishes the predicted class from the rest. Evaluates the capability of providing local key reasons causing a prediction (pointing at features and values that truly support that class and not others, emphasizing the presence of pathognomonic features rather than relying on generic features).\nScore:\n1 = Not Discriminative (0% pathognomonic features)\n2 = Weakly Discriminative (1–33% pathognomonic features)\n3 = Moderately Discriminative (34–66% pathognomonic features)\n4 = Strongly Discriminative (67–99% pathognomonic features)\n5 = Perfectly Discriminative (100% pathognomonic features)\n\n## 8. Instruction following\n(Desideratum: The output flawlessly satisfies all explicit structure and format constraints)\nAn explanation that follows instructions is an output that is compliant with open-ended and format instructions. It correctly parses and adheres to the specified format syntax and semantic requirements. Evaluate how closely the model's output follows all explicit instructions and constraints in the prompt (Including specific block structures and requested XML tags).\nScore:\n1 = No Adherence (0% of the instructions requested are followed)\n2 = Weak Adherence (1-33% of the instructions requested are followed)\n3 = Partial Adherence (34-66% of the instructions requested are followed)\n4 = Strong Adherence (67-99% of the instructions requested are followed)\n5 = Perfect Adherence (100% of the instructions requested are followed)\n\n## 9. Logical coherence\n(Desideratum: The sentences connect logically to form a valid, smooth, and complete deduction)\nA logically coherent explanation builds from sentence to sentence into a valid body of information about a topic. Evaluate whether the summary is not just a heap of related information, but builds smoothly from point to point to form a valid, logical deduction of the predicted class.\nScore:\n1 = Not Coherent (Completely disconnected clauses)\n2 = Weakly Coherent (Severe logical jumps / many logical errors)\n3 = Moderately Coherent (Choppy logical flow / some logical errors)\n4 = Strongly Coherent (Smooth logical flow, one logical error)\n5 = Perfectly Coherent (Flawless deduction)\n\n\n# OUTPUT INSTRUCTIONS\nReturn your evaluation using exactly the following XML structure:\n\n<evaluation>\n  <textual_groundedness>1-5</textual_groundedness>\n  <hallucination_free>1-5</hallucination_free>\n  <concept_counting>1-5</concept_counting>\n  <comprehensibility>1-5</comprehensibility>\n  <conciseness>1-5</conciseness>\n  <specificity>1-5</specificity>\n  <discriminativeness>1-5</discriminativeness>\n  <instruction_following>1-5</instruction_following>\n  <logical_coherence>1-5</logical_coherence>\n</evaluation>\n\nPlease, do not generate any other opening, closing, and explanations""}]}, {""role"": ""user"", ""content"": [{""type"": ""text"", ""text"": ""Candidate class labels: ['clematis', 'yellow iris']""}, {""type"": ""text"", ""text"": ""Class ID mapping: 81=clematis, 14=yellow iris""}, {""type"": ""text"", ""text"": ""Predicted class: clematis""}, {""type"": ""text"", ""text"": ""Query image:""}, {""type"": ""image"", ""format"": ""pil"", ""size"": [224, 149], ""mode"": ""RGB""}, {""type"": ""text"", ""text"": ""Candidate model output (explanation) to evaluate:\n<explanation>\nThe query image shows a purple flower with a distinct star-like shape and a central cluster of stamens, which matches the visual features of the first example (label 81). The second example (label 14) is a yellow iris with a different petal arrangement and color. The query image's purple hue and structural characteristics align with label 81.\n</explanation>\n\n<response>81</response>""}]}]","Let me carefully analyze this explanation against the provided criteria. I need to evaluate the explanation based on the 9 dimensions specified, using the query image as the source of truth.

First, let me understand what's in the query image:
- It's a close-up of a purple flower
- The flower has 4 petals (or sepals) arranged in a star-like pattern
- There's a central cluster of stamens
- The background shows green leaves and stems
- The flower appears to be a clematis (which matches the predicted class)

Now, let's look at the candidate model output (explanation):
```
<explanation>
The query image shows a purple flower with a distinct star-like shape and a central cluster of stamens, which matches the visual features of the first example (label 81). The second example (label 14) is a yellow iris with a different petal arrangement and color. The query image's purple hue and structural characteristics align with label 81.
</explanation>
```

Let's evaluate each dimension:

1. **Textual Groundedness** (1-5)
   - The explanation mentions: ""purple flower"", ""star-like shape"", ""central cluster of stamens""
   - What's missing: 
     * The number of petals (4 petals visible in the image)
     * The background (green leaves/stems)
     * The specific color shade (it's a deep purple/violet)
   - The explanation doesn't mention all salient objects/attributes. It omits the number of petals and the background context.
   - Score: 3 (Moderately Grounded - Few omissions of key concepts)

2. **Hallucination free** (1-5)
   - The explanation states: ""purple flower"", ""star-like shape"", ""central cluster of stamens""
   - All these features are visible in the image
   - The explanation also references ""the first example (label 81)"" and ""the second example (label 14)"" - but the problem is that the model is supposed to be explaining based on the query image alone, not comparing to examples. However, since we're only evaluating what's in the image, and the image does show a purple flower with a star-like shape and central stamens, there are no hallucinations about the image itself.
   - The reference to ""first example"" and ""second example"" might be confusing, but it's not",0
