trial_timestamp,dataset,prompt_type,model,config_n,config_k,config_q,run_id,query_index_within_episode,support_indices,query_dataset_index,expected_label,predicted_label,correct,error,warning,parse_issue,system_fallback_applied,trial_wall_seconds,latency_seconds,response_id,finish_reason,usage_prompt_tokens,usage_completion_tokens,usage_total_tokens,provider,episode_filepath,class_options,class_id_map,image_refs,prompt_hash,message_preview,sent_prompt_hash,sent_message_preview,artifact_dir,conversation_log_path,raw_response_text,case_label
2026-04-28T01:30:32.624017+02:00,cifar10,rulebased,qwen/qwen3-vl-8b-instruct,4,5,1,0,2,"[43506, 10300, 22361, 3587, 4224, 45119, 23636, 10057, 39765, 8172, 929, 46960, 23030, 38309, 39020, 35890, 27573, 14977, 4331, 20429]",5142,6,6,1,,,,0,7.0839,6.5808,gen-1777332632-arFAqezoZrd3j9HlksxJ,stop,2373,142,2515,"""Novita""",episodes/seed_42/cifar10/episode_N4_K5_Q1_run0.npy,"[""4"", ""2"", ""6"", ""7""]","{""4"": ""deer"", ""2"": ""bird"", ""6"": ""frog"", ""7"": ""horse""}","[{""kind"": ""support"", ""dataset_index"": 43506, ""order_index"": 1}, {""kind"": ""support"", ""dataset_index"": 10300, ""order_index"": 2}, {""kind"": ""support"", ""dataset_index"": 22361, ""order_index"": 3}, {""kind"": ""support"", ""dataset_index"": 3587, ""order_index"": 4}, {""kind"": ""support"", ""dataset_index"": 4224, ""order_index"": 5}, {""kind"": ""support"", ""dataset_index"": 45119, ""order_index"": 6}, {""kind"": ""support"", ""dataset_index"": 23636, ""order_index"": 7}, {""kind"": ""support"", ""dataset_index"": 10057, ""order_index"": 8}, {""kind"": ""support"", ""dataset_index"": 39765, ""order_index"": 9}, {""kind"": ""support"", ""dataset_index"": 8172, ""order_index"": 10}, {""kind"": ""support"", ""dataset_index"": 929, ""order_index"": 11}, {""kind"": ""support"", ""dataset_index"": 46960, ""order_index"": 12}, {""kind"": ""support"", ""dataset_index"": 23030, ""order_index"": 13}, {""kind"": ""support"", ""dataset_index"": 38309, ""order_index"": 14}, {""kind"": ""support"", ""dataset_index"": 39020, ""order_index"": 15}, {""kind"": ""support"", ""dataset_index"": 35890, ""order_index"": 16}, {""kind"": ""support"", ""dataset_index"": 27573, ""order_index"": 17}, {""kind"": ""support"", ""dataset_index"": 14977, ""order_index"": 18}, {""kind"": ""support"", ""dataset_index"": 4331, ""order_index"": 19}, {""kind"": ""support"", ""dataset_index"": 20429, ""order_index"": 20}, {""kind"": ""query"", ""dataset_index"": 5142, ""order_index"": 1}]",2f2ae405071d3567,"[{""role"": ""system"", ""content"": ""# TASK\n1. Analyze the provided labeled examples to identify the observable visual features that distinguish each class.\n2. Examine the Query Image and compare it strictly against the provided examples.\n3. Determine which label from the provided options best matches the Query Image.\n\n# INSTRUCTIONS\n- Base your decision only on observable visual evidence in the examples and the Query Image.\n- Use the examples to infer discriminative visual patterns for each class.\n- Do not use external world knowledge, hidden assumptions, or speculative attributes.\n- Use only labels from the provided final options list.\n- Choose exactly one final label.\n- Output only the requested XML tags and not any aditional ones.\n- Do not output any text outside the XML tags.\n- Follow the condition-specific XML blocks first, then output exactly one final <response> block.\n- The final line of the entire answer must be <response>final_class</response>.\n- Never omit the final <response> block, even when another explanation block is required.\n\nFirst list the critical observable features present only in the Query Image.\nThen formulate a knowledge base (kb) with a small set of IF-THEN rules grounded in observable patterns from the labeled examples in the support images and the Query Image, for all classes. Try to unify the conditions so that there is only one rule per class.\nRules must refer only to visible features.\nThen check which rule(s) are best satisfied by the Query Image.\n\n<features>\n- observable feature: feature value\n- observable feature: feature value\n- observable feature: feature value\n</features>\n<kb>\n- IF [observable visual features = feature value AND/OR observable visual features = feature value] THEN [class1]\n- IF [observable visual features = feature value] THEN [class2]\n</kb>\n\n<rule_check>\n- State which rule(s) from the kb fires for the Query Image and briefly explain why,\nreferring only to the features listed above. Do not discuss other rules or introduce new features.\n</rule_check>\n\n<response>final_class</response>\n\nThe content of <response> must be exactly one label copied verbatim from the provided options list.""}, {""role"": ""user"", ""content"": [{""type"": ""text"", ""text"": ""What is the class of this image?""}, {""type"": ""image_url"", ""url_kind"": ""data_uri"", ""length"": 6315}]}, {""role"": ""assistant"", ""content"": ""<response>4</response>""}, {""role"": ""user"", ""content"": [{""type"": ""text"", ""text"": ""What is the class of this image?""}, {""type"": ""image_url"", ""url_kind"": ""data_uri"", ""length"": 7803}]}, {""role"": ""assistant"", ""content"": ""<response>4</response>""}, {""role"": ""user"", ""content"": [{""type"": ""text"", ""text"": ""What is the class of this image?""}, {""type"": ""image_url"", ""url_kind"": ""data_uri"", ""length"": 5035}]}, {""role"": ""assistant"", ""content"": ""<response>4</response>""}, {""role"": ""user"", ""content"": [{""type"": ""text"", ""text"": ""What is the class of this image?""}, {""type"": ""image_url"", ""url_kind"": ""data_uri"", ""length"": 5143}]}, {""role"": ""assistant"", ""content"": ""<response>4</response>""}, {""role"": ""user"", ""content"": [{""type"": ""text"", ""text"": ""What is the class of this image?""}, {""type"": ""image_url"", ""url_kind"": ""data_uri"", ""length"": 4643}]}, {""role"": ""assistant"", ""content"": ""<response>4</response>""}, {""role"": ""user"", ""content"": [{""type"": ""text"", ""text"": ""What is the class of this image?""}, {""type"": ""image_url"", ""url_kind"": ""data_uri"", ""length"": 5179}]}, {""role"": ""assistant"", ""content"": ""<response>2</response>""}, {""role"": ""user"", ""content"": [{""type"": ""text"", ""text"": ""What is the class of this image?""}, {""type"": ""image_url"", ""url_kind"": ""data_uri"", ""length"": 6611}]}, {""role"": ""assistant"", ""content"": ""<response>2</response>""}, {""role"": ""user"", ""content"": [{""type"": ""text"", ""text"": ""What is the class of this image?""}, {""type"": ""image_url"", ""url_kind"": ""data_uri"", ""length"": 4959}]}, {""role"": ""assistant"", ""content"": ""<response>2</response>""}, {""role"": ""user"", ""content"": [{""type"": ""text"", ""text"": ""What is the class of this image?""}, {""type"": ""image_url"", ""url_kind"": ""data_uri"", ""length"": 5219}]}, {""role"": ""assistant"", ""content"": ""<response>2</response>""}, {""role"": ""user"", ""content"": [{""type"": ""text"", ""text"": ""What is the class of this image?""}, {""type"": ""image_url"", ""url_kind"": ""data_uri"", ""length"": 5335}]}, {""role"": ""assistant"", ""content"": ""<response>2</response>""}, {""role"": ""user"", ""content"": [{""type"": ""text"", ""text"": ""What is the class of this image?""}, {""type"": ""image_url"", ""url_kind"": ""data_uri"", ""length"": 6247}]}, {""role"": ""assistant"", ""content"": ""<response>6</response>""}, {""role"": ""user"", ""content"": [{""type"": ""text"", ""text"": ""What is the class of this image?""}, {""type"": ""image_url"", ""url_kind"": ""data_uri"", ""length"": 5079}]}, {""role"": ""assistant"", ""content"": ""<response>6</response>""}, {""role"": ""user"", ""content"": [{""type"": ""text"", ""text"": ""What is the class of this image?""}, {""type"": ""image_url"", ""url_kind"": ""data_uri"", ""length"": 6239}]}, {""role"": ""assistant"", ""content"": ""<response>6</response>""}, {""role"": ""user"", ""content"": [{""type"": ""text"", ""text"": ""What is the class of this image?""}, {""type"": ""image_url"", ""url_kind"": ""data_uri"", ""length"": 6735}]}, {""role"": ""assistant"", ""content"": ""<response>6</response>""}, {""role"": ""user"", ""content"": [{""type"": ""text"", ""text"": ""What is the class of this image?""}, {""type"": ""image_url"", ""url_kind"": ""data_uri"", ""length"": 6715}]}, {""role"": ""assistant"", ""content"": ""<response>6</response>""}, {""role"": ""user"", ""content"": [{""type"": ""text"", ""text"": ""What is the class of this image?""}, {""type"": ""image_url"", ""url_kind"": ""data_uri"", ""length"": 6955}]}, {""role"": ""assistant"", ""content"": ""<response>7</response>""}, {""role"": ""user"", ""content"": [{""type"": ""text"", ""text"": ""What is the class of this image?""}, {""type"": ""image_url"", ""url_kind"": ""data_uri"", ""length"": 6651}]}, {""role"": ""assistant"", ""content"": ""<response>7</response>""}, {""role"": ""user"", ""content"": [{""type"": ""text"", ""text"": ""What is the class of this image?""}, {""type"": ""image_url"", ""url_kind"": ""data_uri"", ""length"": 6423}]}, {""role"": ""assistant"", ""content"": ""<response>7</response>""}, {""role"": ""user"", ""content"": [{""type"": ""text"", ""text"": ""What is the class of this image?""}, {""type"": ""image_url"", ""url_kind"": ""data_uri"", ""length"": 4923}]}, {""role"": ""assistant"", ""content"": ""<response>7</response>""}, {""role"": ""user"", ""content"": [{""type"": ""text"", ""text"": ""What is the class of this image?""}, {""type"": ""image_url"", ""url_kind"": ""data_uri"", ""length"": 6551}]}, {""role"": ""assistant"", ""content"": ""<response>7</response>""}, {""role"": ""user"", ""content"": [{""type"": ""text"", ""text"": ""Query Image:\nClassify this image using only the labeled examples above.\nValid labels: [4, 2, 6, 7]\nFollow the exact XML structure required by the system instructions.""}, {""type"": ""image_url"", ""url_kind"": ""data_uri"", ""length"": 5919}]}]",2f2ae405071d3567,"[{""role"": ""system"", ""content"": ""# TASK\n1. Analyze the provided labeled examples to identify the observable visual features that distinguish each class.\n2. Examine the Query Image and compare it strictly against the provided examples.\n3. Determine which label from the provided options best matches the Query Image.\n\n# INSTRUCTIONS\n- Base your decision only on observable visual evidence in the examples and the Query Image.\n- Use the examples to infer discriminative visual patterns for each class.\n- Do not use external world knowledge, hidden assumptions, or speculative attributes.\n- Use only labels from the provided final options list.\n- Choose exactly one final label.\n- Output only the requested XML tags and not any aditional ones.\n- Do not output any text outside the XML tags.\n- Follow the condition-specific XML blocks first, then output exactly one final <response> block.\n- The final line of the entire answer must be <response>final_class</response>.\n- Never omit the final <response> block, even when another explanation block is required.\n\nFirst list the critical observable features present only in the Query Image.\nThen formulate a knowledge base (kb) with a small set of IF-THEN rules grounded in observable patterns from the labeled examples in the support images and the Query Image, for all classes. Try to unify the conditions so that there is only one rule per class.\nRules must refer only to visible features.\nThen check which rule(s) are best satisfied by the Query Image.\n\n<features>\n- observable feature: feature value\n- observable feature: feature value\n- observable feature: feature value\n</features>\n<kb>\n- IF [observable visual features = feature value AND/OR observable visual features = feature value] THEN [class1]\n- IF [observable visual features = feature value] THEN [class2]\n</kb>\n\n<rule_check>\n- State which rule(s) from the kb fires for the Query Image and briefly explain why,\nreferring only to the features listed above. Do not discuss other rules or introduce new features.\n</rule_check>\n\n<response>final_class</response>\n\nThe content of <response> must be exactly one label copied verbatim from the provided options list.""}, {""role"": ""user"", ""content"": [{""type"": ""text"", ""text"": ""What is the class of this image?""}, {""type"": ""image_url"", ""url_kind"": ""data_uri"", ""length"": 6315}]}, {""role"": ""assistant"", ""content"": ""<response>4</response>""}, {""role"": ""user"", ""content"": [{""type"": ""text"", ""text"": ""What is the class of this image?""}, {""type"": ""image_url"", ""url_kind"": ""data_uri"", ""length"": 7803}]}, {""role"": ""assistant"", ""content"": ""<response>4</response>""}, {""role"": ""user"", ""content"": [{""type"": ""text"", ""text"": ""What is the class of this image?""}, {""type"": ""image_url"", ""url_kind"": ""data_uri"", ""length"": 5035}]}, {""role"": ""assistant"", ""content"": ""<response>4</response>""}, {""role"": ""user"", ""content"": [{""type"": ""text"", ""text"": ""What is the class of this image?""}, {""type"": ""image_url"", ""url_kind"": ""data_uri"", ""length"": 5143}]}, {""role"": ""assistant"", ""content"": ""<response>4</response>""}, {""role"": ""user"", ""content"": [{""type"": ""text"", ""text"": ""What is the class of this image?""}, {""type"": ""image_url"", ""url_kind"": ""data_uri"", ""length"": 4643}]}, {""role"": ""assistant"", ""content"": ""<response>4</response>""}, {""role"": ""user"", ""content"": [{""type"": ""text"", ""text"": ""What is the class of this image?""}, {""type"": ""image_url"", ""url_kind"": ""data_uri"", ""length"": 5179}]}, {""role"": ""assistant"", ""content"": ""<response>2</response>""}, {""role"": ""user"", ""content"": [{""type"": ""text"", ""text"": ""What is the class of this image?""}, {""type"": ""image_url"", ""url_kind"": ""data_uri"", ""length"": 6611}]}, {""role"": ""assistant"", ""content"": ""<response>2</response>""}, {""role"": ""user"", ""content"": [{""type"": ""text"", ""text"": ""What is the class of this image?""}, {""type"": ""image_url"", ""url_kind"": ""data_uri"", ""length"": 4959}]}, {""role"": ""assistant"", ""content"": ""<response>2</response>""}, {""role"": ""user"", ""content"": [{""type"": ""text"", ""text"": ""What is the class of this image?""}, {""type"": ""image_url"", ""url_kind"": ""data_uri"", ""length"": 5219}]}, {""role"": ""assistant"", ""content"": ""<response>2</response>""}, {""role"": ""user"", ""content"": [{""type"": ""text"", ""text"": ""What is the class of this image?""}, {""type"": ""image_url"", ""url_kind"": ""data_uri"", ""length"": 5335}]}, {""role"": ""assistant"", ""content"": ""<response>2</response>""}, {""role"": ""user"", ""content"": [{""type"": ""text"", ""text"": ""What is the class of this image?""}, {""type"": ""image_url"", ""url_kind"": ""data_uri"", ""length"": 6247}]}, {""role"": ""assistant"", ""content"": ""<response>6</response>""}, {""role"": ""user"", ""content"": [{""type"": ""text"", ""text"": ""What is the class of this image?""}, {""type"": ""image_url"", ""url_kind"": ""data_uri"", ""length"": 5079}]}, {""role"": ""assistant"", ""content"": ""<response>6</response>""}, {""role"": ""user"", ""content"": [{""type"": ""text"", ""text"": ""What is the class of this image?""}, {""type"": ""image_url"", ""url_kind"": ""data_uri"", ""length"": 6239}]}, {""role"": ""assistant"", ""content"": ""<response>6</response>""}, {""role"": ""user"", ""content"": [{""type"": ""text"", ""text"": ""What is the class of this image?""}, {""type"": ""image_url"", ""url_kind"": ""data_uri"", ""length"": 6735}]}, {""role"": ""assistant"", ""content"": ""<response>6</response>""}, {""role"": ""user"", ""content"": [{""type"": ""text"", ""text"": ""What is the class of this image?""}, {""type"": ""image_url"", ""url_kind"": ""data_uri"", ""length"": 6715}]}, {""role"": ""assistant"", ""content"": ""<response>6</response>""}, {""role"": ""user"", ""content"": [{""type"": ""text"", ""text"": ""What is the class of this image?""}, {""type"": ""image_url"", ""url_kind"": ""data_uri"", ""length"": 6955}]}, {""role"": ""assistant"", ""content"": ""<response>7</response>""}, {""role"": ""user"", ""content"": [{""type"": ""text"", ""text"": ""What is the class of this image?""}, {""type"": ""image_url"", ""url_kind"": ""data_uri"", ""length"": 6651}]}, {""role"": ""assistant"", ""content"": ""<response>7</response>""}, {""role"": ""user"", ""content"": [{""type"": ""text"", ""text"": ""What is the class of this image?""}, {""type"": ""image_url"", ""url_kind"": ""data_uri"", ""length"": 6423}]}, {""role"": ""assistant"", ""content"": ""<response>7</response>""}, {""role"": ""user"", ""content"": [{""type"": ""text"", ""text"": ""What is the class of this image?""}, {""type"": ""image_url"", ""url_kind"": ""data_uri"", ""length"": 4923}]}, {""role"": ""assistant"", ""content"": ""<response>7</response>""}, {""role"": ""user"", ""content"": [{""type"": ""text"", ""text"": ""What is the class of this image?""}, {""type"": ""image_url"", ""url_kind"": ""data_uri"", ""length"": 6551}]}, {""role"": ""assistant"", ""content"": ""<response>7</response>""}, {""role"": ""user"", ""content"": [{""type"": ""text"", ""text"": ""Query Image:\nClassify this image using only the labeled examples above.\nValid labels: [4, 2, 6, 7]\nFollow the exact XML structure required by the system instructions.""}, {""type"": ""image_url"", ""url_kind"": ""data_uri"", ""length"": 5919}]}]",datasets/cifar10/rulebased/N4_K5_Q1/run_0,datasets/cifar10/rulebased/N4_K5_Q1/run_0/conversations.jsonl,"<features>
- observable feature: presence of large, prominent eyes
- observable feature: textured, bumpy skin
- observable feature: rounded body shape
</features>
<kb>
- IF [observable visual features = large, prominent eyes AND/OR observable visual features = textured, bumpy skin AND/OR observable visual features = rounded body shape] THEN [6]
</kb>

<rule_check>
- The rule for class 6 fires because the Query Image shows large, prominent eyes, textured and bumpy skin, and a rounded body shape, which are observable features consistent with the examples of class 6 (frogs/toads).
</rule_check>

<response>6</response>",COMPARATIVA_QWEN
2026-04-28T01:53:16.673068+02:00,dtd,axioms_ontology_v2,qwen/qwen3-vl-8b-instruct,3,5,1,0,1,"[1297, 1306, 1301, 1312, 1280, 338, 339, 357, 351, 329, 188, 194, 190, 182, 181]",347,8,8,1,,,,0,3.5926,1.8124,gen-1777333996-bMR5u0kb3Mvve6OgubqA,stop,2252,75,2327,"""Parasail""",episodes/seed_42/dtd/episode_N3_K5_Q1_run0.npy,"[""32"", ""8"", ""4""]","{""32"": ""potholed"", ""8"": ""crosshatched"", ""4"": ""bumpy""}","[{""kind"": ""support"", ""dataset_index"": 1297, ""order_index"": 1}, {""kind"": ""support"", ""dataset_index"": 1306, ""order_index"": 2}, {""kind"": ""support"", ""dataset_index"": 1301, ""order_index"": 3}, {""kind"": ""support"", ""dataset_index"": 1312, ""order_index"": 4}, {""kind"": ""support"", ""dataset_index"": 1280, ""order_index"": 5}, {""kind"": ""support"", ""dataset_index"": 338, ""order_index"": 6}, {""kind"": ""support"", ""dataset_index"": 339, ""order_index"": 7}, {""kind"": ""support"", ""dataset_index"": 357, ""order_index"": 8}, {""kind"": ""support"", ""dataset_index"": 351, ""order_index"": 9}, {""kind"": ""support"", ""dataset_index"": 329, ""order_index"": 10}, {""kind"": ""support"", ""dataset_index"": 188, ""order_index"": 11}, {""kind"": ""support"", ""dataset_index"": 194, ""order_index"": 12}, {""kind"": ""support"", ""dataset_index"": 190, ""order_index"": 13}, {""kind"": ""support"", ""dataset_index"": 182, ""order_index"": 14}, {""kind"": ""support"", ""dataset_index"": 181, ""order_index"": 15}, {""kind"": ""query"", ""dataset_index"": 347, ""order_index"": 1}]",4006a09fd9437d86,"[{""role"": ""system"", ""content"": ""# TASK\n1. Analyze the provided labeled examples to identify the observable visual features that distinguish each class.\n2. Examine the Query Image and compare it strictly against the provided examples.\n3. Determine which label from the provided options best matches the Query Image.\n\n# INSTRUCTIONS\n- Base your decision only on observable visual evidence in the examples and the Query Image.\n- Use the examples to infer discriminative visual patterns for each class.\n- Do not use external world knowledge, hidden assumptions, or speculative attributes.\n- Use only labels from the provided final options list.\n- Choose exactly one final label.\n- Output only the requested XML tags and not any aditional ones.\n- Do not output any text outside the XML tags.\n- Follow the condition-specific XML blocks first, then output exactly one final <response> block.\n- The final line of the entire answer must be <response>final_class</response>.\n- Never omit the final <response> block, even when another explanation block is required.\n\nRepresent the classification evidence using minimal and concise Description Logic statements.\n\n# WHAT TO WRITE\n- In <tbox>, define the formal class conditions (Necessary, Sufficient, or Necessary & Sufficient) using Description Logic (DL) axioms in Web Ontology Language (OWL 2) derived from the labeled examples to describe which visual features are associated with each class.\n- In <abox>, state only the specific property assertions in DL OWL 2 observed in the Query Image to record which visual features are present.\n- In <dl_explanation>, list only the exact TBox rules triggered by the ABox assertions to classify the Query Image. Do not use natural language—include only the fired TBox rules.\n\n# HOW TO INTERPRET THE STATEMENTS\n- [Class1] ⊑ hasVisualFeature([F1]) means: images of this class tend to have this visual feature in the provided examples (necessary condition)\n- hasVisualFeature([F1]) ⊑ [Class1] means: observing this visual feature is enough to classify the image as from this class in the provided examples (Sufficient condition)\n- [Class1] ≡ hasVisualFeature([F1]) ⊓ hasVisualFeature([F2]) means: this combination of features defines this class in the provided examples (Necessary and sufficient condition)\n\n# RULES\n- Use only observable visual features.\n- Do not use hidden properties, external knowledge, or speculation.\n- Treat all axioms as visually grounded in the provided examples.\n- Keep the output concise.\n\n<tbox>\n- [Class1] ⊑ hasVisualFeature([F1])\n- hasVisualFeature([F2]) ⊑ [Class2]\n- [Class3] ≡ hasVisualFeature([F3]) ⊓ hasVisualFeature([F4])\n</tbox>\n\n<abox>\n- hasVisualFeature(Query, [F3])\n- hasVisualFeature(Query, [F4])\n</abox>\n<dl_explanation>\n- Rule(s) fired:  [Class3] ≡ hasVisualFeature([F3]) ⊓ hasVisualFeature([F4])\n- </dl_explanation>\n\n<response>final_class</response>\n\nThe content of <response> must be exactly one label copied verbatim from the provided options list.""}, {""role"": ""user"", ""content"": [{""type"": ""text"", ""text"": ""What is the class of this image?""}, {""type"": ""image_url"", ""url_kind"": ""data_uri"", ""length"": 9307}]}, {""role"": ""assistant"", ""content"": ""<response>32</response>""}, {""role"": ""user"", ""content"": [{""type"": ""text"", ""text"": ""What is the class of this image?""}, {""type"": ""image_url"", ""url_kind"": ""data_uri"", ""length"": 10755}]}, {""role"": ""assistant"", ""content"": ""<response>32</response>""}, {""role"": ""user"", ""content"": [{""type"": ""text"", ""text"": ""What is the class of this image?""}, {""type"": ""image_url"", ""url_kind"": ""data_uri"", ""length"": 12015}]}, {""role"": ""assistant"", ""content"": ""<response>32</response>""}, {""role"": ""user"", ""content"": [{""type"": ""text"", ""text"": ""What is the class of this image?""}, {""type"": ""image_url"", ""url_kind"": ""data_uri"", ""length"": 12627}]}, {""role"": ""assistant"", ""content"": ""<response>32</response>""}, {""role"": ""user"", ""content"": [{""type"": ""text"", ""text"": ""What is the class of this image?""}, {""type"": ""image_url"", ""url_kind"": ""data_uri"", ""length"": 12979}]}, {""role"": ""assistant"", ""content"": ""<response>32</response>""}, {""role"": ""user"", ""content"": [{""type"": ""text"", ""text"": ""What is the class of this image?""}, {""type"": ""image_url"", ""url_kind"": ""data_uri"", ""length"": 7919}]}, {""role"": ""assistant"", ""content"": ""<response>8</response>""}, {""role"": ""user"", ""content"": [{""type"": ""text"", ""text"": ""What is the class of this image?""}, {""type"": ""image_url"", ""url_kind"": ""data_uri"", ""length"": 5651}]}, {""role"": ""assistant"", ""content"": ""<response>8</response>""}, {""role"": ""user"", ""content"": [{""type"": ""text"", ""text"": ""What is the class of this image?""}, {""type"": ""image_url"", ""url_kind"": ""data_uri"", ""length"": 16899}]}, {""role"": ""assistant"", ""content"": ""<response>8</response>""}, {""role"": ""user"", ""content"": [{""type"": ""text"", ""text"": ""What is the class of this image?""}, {""type"": ""image_url"", ""url_kind"": ""data_uri"", ""length"": 21955}]}, {""role"": ""assistant"", ""content"": ""<response>8</response>""}, {""role"": ""user"", ""content"": [{""type"": ""text"", ""text"": ""What is the class of this image?""}, {""type"": ""image_url"", ""url_kind"": ""data_uri"", ""length"": 25679}]}, {""role"": ""assistant"", ""content"": ""<response>8</response>""}, {""role"": ""user"", ""content"": [{""type"": ""text"", ""text"": ""What is the class of this image?""}, {""type"": ""image_url"", ""url_kind"": ""data_uri"", ""length"": 13627}]}, {""role"": ""assistant"", ""content"": ""<response>4</response>""}, {""role"": ""user"", ""content"": [{""type"": ""text"", ""text"": ""What is the class of this image?""}, {""type"": ""image_url"", ""url_kind"": ""data_uri"", ""length"": 14471}]}, {""role"": ""assistant"", ""content"": ""<response>4</response>""}, {""role"": ""user"", ""content"": [{""type"": ""text"", ""text"": ""What is the class of this image?""}, {""type"": ""image_url"", ""url_kind"": ""data_uri"", ""length"": 7691}]}, {""role"": ""assistant"", ""content"": ""<response>4</response>""}, {""role"": ""user"", ""content"": [{""type"": ""text"", ""text"": ""What is the class of this image?""}, {""type"": ""image_url"", ""url_kind"": ""data_uri"", ""length"": 13551}]}, {""role"": ""assistant"", ""content"": ""<response>4</response>""}, {""role"": ""user"", ""content"": [{""type"": ""text"", ""text"": ""What is the class of this image?""}, {""type"": ""image_url"", ""url_kind"": ""data_uri"", ""length"": 8731}]}, {""role"": ""assistant"", ""content"": ""<response>4</response>""}, {""role"": ""user"", ""content"": [{""type"": ""text"", ""text"": ""Query Image:\nClassify this image using only the labeled examples above.\nValid labels: [32, 8, 4]\nFollow the exact XML structure required by the system instructions.""}, {""type"": ""image_url"", ""url_kind"": ""data_uri"", ""length"": 11467}]}]",4006a09fd9437d86,"[{""role"": ""system"", ""content"": ""# TASK\n1. Analyze the provided labeled examples to identify the observable visual features that distinguish each class.\n2. Examine the Query Image and compare it strictly against the provided examples.\n3. Determine which label from the provided options best matches the Query Image.\n\n# INSTRUCTIONS\n- Base your decision only on observable visual evidence in the examples and the Query Image.\n- Use the examples to infer discriminative visual patterns for each class.\n- Do not use external world knowledge, hidden assumptions, or speculative attributes.\n- Use only labels from the provided final options list.\n- Choose exactly one final label.\n- Output only the requested XML tags and not any aditional ones.\n- Do not output any text outside the XML tags.\n- Follow the condition-specific XML blocks first, then output exactly one final <response> block.\n- The final line of the entire answer must be <response>final_class</response>.\n- Never omit the final <response> block, even when another explanation block is required.\n\nRepresent the classification evidence using minimal and concise Description Logic statements.\n\n# WHAT TO WRITE\n- In <tbox>, define the formal class conditions (Necessary, Sufficient, or Necessary & Sufficient) using Description Logic (DL) axioms in Web Ontology Language (OWL 2) derived from the labeled examples to describe which visual features are associated with each class.\n- In <abox>, state only the specific property assertions in DL OWL 2 observed in the Query Image to record which visual features are present.\n- In <dl_explanation>, list only the exact TBox rules triggered by the ABox assertions to classify the Query Image. Do not use natural language—include only the fired TBox rules.\n\n# HOW TO INTERPRET THE STATEMENTS\n- [Class1] ⊑ hasVisualFeature([F1]) means: images of this class tend to have this visual feature in the provided examples (necessary condition)\n- hasVisualFeature([F1]) ⊑ [Class1] means: observing this visual feature is enough to classify the image as from this class in the provided examples (Sufficient condition)\n- [Class1] ≡ hasVisualFeature([F1]) ⊓ hasVisualFeature([F2]) means: this combination of features defines this class in the provided examples (Necessary and sufficient condition)\n\n# RULES\n- Use only observable visual features.\n- Do not use hidden properties, external knowledge, or speculation.\n- Treat all axioms as visually grounded in the provided examples.\n- Keep the output concise.\n\n<tbox>\n- [Class1] ⊑ hasVisualFeature([F1])\n- hasVisualFeature([F2]) ⊑ [Class2]\n- [Class3] ≡ hasVisualFeature([F3]) ⊓ hasVisualFeature([F4])\n</tbox>\n\n<abox>\n- hasVisualFeature(Query, [F3])\n- hasVisualFeature(Query, [F4])\n</abox>\n<dl_explanation>\n- Rule(s) fired:  [Class3] ≡ hasVisualFeature([F3]) ⊓ hasVisualFeature([F4])\n- </dl_explanation>\n\n<response>final_class</response>\n\nThe content of <response> must be exactly one label copied verbatim from the provided options list.""}, {""role"": ""user"", ""content"": [{""type"": ""text"", ""text"": ""What is the class of this image?""}, {""type"": ""image_url"", ""url_kind"": ""data_uri"", ""length"": 9307}]}, {""role"": ""assistant"", ""content"": ""<response>32</response>""}, {""role"": ""user"", ""content"": [{""type"": ""text"", ""text"": ""What is the class of this image?""}, {""type"": ""image_url"", ""url_kind"": ""data_uri"", ""length"": 10755}]}, {""role"": ""assistant"", ""content"": ""<response>32</response>""}, {""role"": ""user"", ""content"": [{""type"": ""text"", ""text"": ""What is the class of this image?""}, {""type"": ""image_url"", ""url_kind"": ""data_uri"", ""length"": 12015}]}, {""role"": ""assistant"", ""content"": ""<response>32</response>""}, {""role"": ""user"", ""content"": [{""type"": ""text"", ""text"": ""What is the class of this image?""}, {""type"": ""image_url"", ""url_kind"": ""data_uri"", ""length"": 12627}]}, {""role"": ""assistant"", ""content"": ""<response>32</response>""}, {""role"": ""user"", ""content"": [{""type"": ""text"", ""text"": ""What is the class of this image?""}, {""type"": ""image_url"", ""url_kind"": ""data_uri"", ""length"": 12979}]}, {""role"": ""assistant"", ""content"": ""<response>32</response>""}, {""role"": ""user"", ""content"": [{""type"": ""text"", ""text"": ""What is the class of this image?""}, {""type"": ""image_url"", ""url_kind"": ""data_uri"", ""length"": 7919}]}, {""role"": ""assistant"", ""content"": ""<response>8</response>""}, {""role"": ""user"", ""content"": [{""type"": ""text"", ""text"": ""What is the class of this image?""}, {""type"": ""image_url"", ""url_kind"": ""data_uri"", ""length"": 5651}]}, {""role"": ""assistant"", ""content"": ""<response>8</response>""}, {""role"": ""user"", ""content"": [{""type"": ""text"", ""text"": ""What is the class of this image?""}, {""type"": ""image_url"", ""url_kind"": ""data_uri"", ""length"": 16899}]}, {""role"": ""assistant"", ""content"": ""<response>8</response>""}, {""role"": ""user"", ""content"": [{""type"": ""text"", ""text"": ""What is the class of this image?""}, {""type"": ""image_url"", ""url_kind"": ""data_uri"", ""length"": 21955}]}, {""role"": ""assistant"", ""content"": ""<response>8</response>""}, {""role"": ""user"", ""content"": [{""type"": ""text"", ""text"": ""What is the class of this image?""}, {""type"": ""image_url"", ""url_kind"": ""data_uri"", ""length"": 25679}]}, {""role"": ""assistant"", ""content"": ""<response>8</response>""}, {""role"": ""user"", ""content"": [{""type"": ""text"", ""text"": ""What is the class of this image?""}, {""type"": ""image_url"", ""url_kind"": ""data_uri"", ""length"": 13627}]}, {""role"": ""assistant"", ""content"": ""<response>4</response>""}, {""role"": ""user"", ""content"": [{""type"": ""text"", ""text"": ""What is the class of this image?""}, {""type"": ""image_url"", ""url_kind"": ""data_uri"", ""length"": 14471}]}, {""role"": ""assistant"", ""content"": ""<response>4</response>""}, {""role"": ""user"", ""content"": [{""type"": ""text"", ""text"": ""What is the class of this image?""}, {""type"": ""image_url"", ""url_kind"": ""data_uri"", ""length"": 7691}]}, {""role"": ""assistant"", ""content"": ""<response>4</response>""}, {""role"": ""user"", ""content"": [{""type"": ""text"", ""text"": ""What is the class of this image?""}, {""type"": ""image_url"", ""url_kind"": ""data_uri"", ""length"": 13551}]}, {""role"": ""assistant"", ""content"": ""<response>4</response>""}, {""role"": ""user"", ""content"": [{""type"": ""text"", ""text"": ""What is the class of this image?""}, {""type"": ""image_url"", ""url_kind"": ""data_uri"", ""length"": 8731}]}, {""role"": ""assistant"", ""content"": ""<response>4</response>""}, {""role"": ""user"", ""content"": [{""type"": ""text"", ""text"": ""Query Image:\nClassify this image using only the labeled examples above.\nValid labels: [32, 8, 4]\nFollow the exact XML structure required by the system instructions.""}, {""type"": ""image_url"", ""url_kind"": ""data_uri"", ""length"": 11467}]}]",datasets/dtd/axioms_ontology_v2/N3_K5_Q1/run_0,datasets/dtd/axioms_ontology_v2/N3_K5_Q1/run_0/conversations.jsonl,"<tbox>
- [Class8] ⊑ hasVisualFeature([F1])
</tbox>

<abox>
- hasVisualFeature(Query, [F1])
</abox>
<dl_explanation>
- Rule(s) fired: [Class8] ⊑ hasVisualFeature([F1])
- </dl_explanation>

<response>8</response>",COLAPSO_QWEN_E5
