dataset,prompt_type,run_id,query_index,visual_grounding,discriminative_support,inferential_coherence,clarity,format_compliance,raw_judge_output
flowers,nle,0,0,5,3,5,5,2,"```xml
<evaluation>
  <visual_grounding>5</visual_grounding>
  <discriminative_support>3</discriminative_support>
  <inferential_coherence>5</inferential_coherence>
  <clarity>5</clarity>
  <format_compliance>2</format_compliance>
</evaluation>
```"
flowers,nle,0,1,5,3,5,5,2,"```xml
<evaluation>
  <visual_grounding>5</visual_grounding>
  <discriminative_support>3</discriminative_support>
  <inferential_coherence>5</inferential_coherence>
  <clarity>5</clarity>
  <format_compliance>2</format_compliance>
</evaluation>
```"
flowers,nle,1,0,5,5,5,5,2,"```xml
<evaluation>
  <visual_grounding>5</visual_grounding>
  <discriminative_support>5</discriminative_support>
  <inferential_coherence>5</inferential_coherence>
  <clarity>5</clarity>
  <format_compliance>2</format_compliance>
</evaluation>
```"
flowers,nle,1,1,5,3,5,5,2,"```xml
<evaluation>
  <visual_grounding>5</visual_grounding>
  <discriminative_support>3</discriminative_support>
  <inferential_coherence>5</inferential_coherence>
  <clarity>5</clarity>
  <format_compliance>2</format_compliance>
</evaluation>
```"
flowers,nle,2,0,5,3,5,5,2,"```xml
<evaluation>
  <visual_grounding>5</visual_grounding>
  <discriminative_support>3</discriminative_support>
  <inferential_coherence>5</inferential_coherence>
  <clarity>5</clarity>
  <format_compliance>2</format_compliance>
</evaluation>
```"
flowers,nle,2,1,5,3,5,5,2,"```xml
<evaluation>
  <visual_grounding>5</visual_grounding>
  <discriminative_support>3</discriminative_support>
  <inferential_coherence>5</inferential_coherence>
  <clarity>5</clarity>
  <format_compliance>2</format_compliance>
</evaluation>
```"
