dataset,prompt_type,model,config_n,config_k,config_q,run_id,query_index_within_episode,predicted_label,expected_label,correct,raw_response_text,class_options,class_id_map,support_indices,query_dataset_index,episode_filepath,message_preview,error
flowers,nle,qwen3-vl,2,1,1,0,0,81,81,1,"<explanation>
The query image shows a purple flower with a distinct star-like shape and a central cluster of stamens, which matches the visual features of the first example (label 81). The second example (label 14) is a yellow iris with a different petal arrangement and color. The query image's purple hue and structural characteristics align with label 81.
</explanation>

<response>81</response>","[""81"", ""14""]","{""81"": ""clematis"", ""14"": ""yellow iris""}","[810, 148]",818,episodes/seed_42/flowers/episode_N2_K1_Q1_run0.npy,"[{""role"": ""system"", ""content"": [{""type"": ""text"", ""text"": ""# TASK\n1. Analyze the provided labeled examples to identify the observable visual features that distinguish each class.\n2. Examine the Query Image and compare it strictly against the provided examples.\n3. Determine which label from the provided options best matches the Query Image.\n\n# INSTRUCTIONS\n- Base your decision only on observable visual evidence in the examples and the Query Image.\n- Use the examples to infer discriminative visual patterns for each class.\n- Do not use external world knowledge, hidden assumptions, or speculative attributes.\n- Use only labels from the provided final options list.\n- Choose exactly one final label.\n- Output only the requested XML tags and not any aditional ones.\n- Do not output any text outside the XML tags.\n- Follow the condition-specific XML blocks first, then output exactly one final <response> block.\n- The final line of the entire answer must be <response>final_class</response>.\n- Never omit the final <response> block, even when another explanation block is required.\n\nWrite a concise natural language explanation grounded only in observable visual evidence.\n\n<explanation>\nBrief explanation of why the visual evidence supports the selected class.\n</explanation>\n\n<response>final_class</response>\n\nThe content of <response> must be exactly one label copied verbatim from the provided options list.\n""}]}, {""role"": ""user"", ""content"": [{""type"": ""image"", ""image"": ""<PIL.Image.Image image mode=RGB size=224x149 at 0x7F8230E63FA0>""}, {""type"": ""text"", ""text"": ""What is the class of this image?""}]}, {""role"": ""assistant"", ""content"": [{""type"": ""text"", ""text"": ""<response>81</response>""}]}, {""role"": ""user"", ""content"": [{""type"": ""image"", ""image"": ""<PIL.Image.Image image mode=RGB size=224x176 at 0x7F8230E63F10>""}, {""type"": ""text"", ""text"": ""What is the class of this image?""}]}, {""role"": ""assistant"", ""content"": [{""type"": ""text"", ""text"": ""<response>14</response>""}]}, {""role"": ""user"", ""content"": [{""type"": ""image"", ""image"": ""<PIL.Image.Image image mode=RGB size=224x149 at 0x7F8230E63F40>""}, {""type"": ""text"", ""text"": ""Query Image:\nClassify this image using only the labeled examples above.\nValid labels: [81, 14]\nFollow the exact XML structure required by the system instructions.""}]}]",
flowers,nle,qwen3-vl,2,1,1,0,1,14,14,1,"<explanation>
The query image shows a yellow iris with distinct petal shapes and a central structure, matching the visual characteristics of the labeled example ""14"" (yellow iris). The example ""81"" shows a different flower with deep purple petals and a different floral structure, which does not match the query image.
</explanation>

<response>14</response>","[""81"", ""14""]","{""81"": ""clematis"", ""14"": ""yellow iris""}","[810, 148]",147,episodes/seed_42/flowers/episode_N2_K1_Q1_run0.npy,"[{""role"": ""system"", ""content"": [{""type"": ""text"", ""text"": ""# TASK\n1. Analyze the provided labeled examples to identify the observable visual features that distinguish each class.\n2. Examine the Query Image and compare it strictly against the provided examples.\n3. Determine which label from the provided options best matches the Query Image.\n\n# INSTRUCTIONS\n- Base your decision only on observable visual evidence in the examples and the Query Image.\n- Use the examples to infer discriminative visual patterns for each class.\n- Do not use external world knowledge, hidden assumptions, or speculative attributes.\n- Use only labels from the provided final options list.\n- Choose exactly one final label.\n- Output only the requested XML tags and not any aditional ones.\n- Do not output any text outside the XML tags.\n- Follow the condition-specific XML blocks first, then output exactly one final <response> block.\n- The final line of the entire answer must be <response>final_class</response>.\n- Never omit the final <response> block, even when another explanation block is required.\n\nWrite a concise natural language explanation grounded only in observable visual evidence.\n\n<explanation>\nBrief explanation of why the visual evidence supports the selected class.\n</explanation>\n\n<response>final_class</response>\n\nThe content of <response> must be exactly one label copied verbatim from the provided options list.\n""}]}, {""role"": ""user"", ""content"": [{""type"": ""image"", ""image"": ""<PIL.Image.Image image mode=RGB size=224x149 at 0x7F8231064370>""}, {""type"": ""text"", ""text"": ""What is the class of this image?""}]}, {""role"": ""assistant"", ""content"": [{""type"": ""text"", ""text"": ""<response>81</response>""}]}, {""role"": ""user"", ""content"": [{""type"": ""image"", ""image"": ""<PIL.Image.Image image mode=RGB size=224x176 at 0x7F8231064130>""}, {""type"": ""text"", ""text"": ""What is the class of this image?""}]}, {""role"": ""assistant"", ""content"": [{""type"": ""text"", ""text"": ""<response>14</response>""}]}, {""role"": ""user"", ""content"": [{""type"": ""image"", ""image"": ""<PIL.Image.Image image mode=RGB size=224x189 at 0x7F8231064220>""}, {""type"": ""text"", ""text"": ""Query Image:\nClassify this image using only the labeled examples above.\nValid labels: [81, 14]\nFollow the exact XML structure required by the system instructions.""}]}]",
