trial_timestamp,dataset,prompt_type,model,config_n,config_k,config_q,run_id,query_index_within_episode,support_indices,query_dataset_index,expected_label,predicted_label,correct,error,warning,parse_issue,system_fallback_applied,trial_wall_seconds,latency_seconds,response_id,finish_reason,usage_prompt_tokens,usage_completion_tokens,usage_total_tokens,provider,episode_filepath,class_options,class_id_map,image_refs,prompt_hash,message_preview,sent_prompt_hash,sent_message_preview,artifact_dir,conversation_log_path,raw_response_text
2026-04-28T01:31:13.362371+02:00,cifar10,axioms_ontology_v2,qwen/qwen3-vl-8b-instruct,2,1,1,0,0,"[20929, 20355]",22507,3,3,1,,,,0,1.6930,1.6210,gen-1777332673-fNrf7ECFwNKnubjsEnAP,stop,962,89,1051,"""Parasail""",episodes/seed_42/cifar10/episode_N2_K1_Q1_run0.npy,"[""3"", ""0""]","{""3"": ""cat"", ""0"": ""airplane""}","[{""kind"": ""support"", ""dataset_index"": 20929, ""order_index"": 1}, {""kind"": ""support"", ""dataset_index"": 20355, ""order_index"": 2}, {""kind"": ""query"", ""dataset_index"": 22507, ""order_index"": 1}]",f4f095fa1cc45ea3,"[{""role"": ""system"", ""content"": ""# TASK\n1. Analyze the provided labeled examples to identify the observable visual features that distinguish each class.\n2. Examine the Query Image and compare it strictly against the provided examples.\n3. Determine which label from the provided options best matches the Query Image.\n\n# INSTRUCTIONS\n- Base your decision only on observable visual evidence in the examples and the Query Image.\n- Use the examples to infer discriminative visual patterns for each class.\n- Do not use external world knowledge, hidden assumptions, or speculative attributes.\n- Use only labels from the provided final options list.\n- Choose exactly one final label.\n- Output only the requested XML tags and not any aditional ones.\n- Do not output any text outside the XML tags.\n- Follow the condition-specific XML blocks first, then output exactly one final <response> block.\n- The final line of the entire answer must be <response>final_class</response>.\n- Never omit the final <response> block, even when another explanation block is required.\n\nRepresent the classification evidence using minimal and concise Description Logic statements.\n\n# WHAT TO WRITE\n- In <tbox>, define the formal class conditions (Necessary, Sufficient, or Necessary & Sufficient) using Description Logic (DL) axioms in Web Ontology Language (OWL 2) derived from the labeled examples to describe which visual features are associated with each class.\n- In <abox>, state only the specific property assertions in DL OWL 2 observed in the Query Image to record which visual features are present.\n- In <dl_explanation>, list only the exact TBox rules triggered by the ABox assertions to classify the Query Image. Do not use natural language—include only the fired TBox rules.\n\n# HOW TO INTERPRET THE STATEMENTS\n- [Class1] ⊑ hasVisualFeature([F1]) means: images of this class tend to have this visual feature in the provided examples (necessary condition)\n- hasVisualFeature([F1]) ⊑ [Class1] means: observing this visual feature is enough to classify the image as from this class in the provided examples (Sufficient condition)\n- [Class1] ≡ hasVisualFeature([F1]) ⊓ hasVisualFeature([F2]) means: this combination of features defines this class in the provided examples (Necessary and sufficient condition)\n\n# RULES\n- Use only observable visual features.\n- Do not use hidden properties, external knowledge, or speculation.\n- Treat all axioms as visually grounded in the provided examples.\n- Keep the output concise.\n\n<tbox>\n- [Class1] ⊑ hasVisualFeature([F1])\n- hasVisualFeature([F2]) ⊑ [Class2]\n- [Class3] ≡ hasVisualFeature([F3]) ⊓ hasVisualFeature([F4])\n</tbox>\n\n<abox>\n- hasVisualFeature(Query, [F3])\n- hasVisualFeature(Query, [F4])\n</abox>\n<dl_explanation>\n- Rule(s) fired:  [Class3] ≡ hasVisualFeature([F3]) ⊓ hasVisualFeature([F4])\n- </dl_explanation>\n\n<response>final_class</response>\n\nThe content of <response> must be exactly one label copied verbatim from the provided options list.""}, {""role"": ""user"", ""content"": [{""type"": ""text"", ""text"": ""What is the class of this image?""}, {""type"": ""image_url"", ""url_kind"": ""data_uri"", ""length"": 5447}]}, {""role"": ""assistant"", ""content"": ""<response>3</response>""}, {""role"": ""user"", ""content"": [{""type"": ""text"", ""text"": ""What is the class of this image?""}, {""type"": ""image_url"", ""url_kind"": ""data_uri"", ""length"": 4747}]}, {""role"": ""assistant"", ""content"": ""<response>0</response>""}, {""role"": ""user"", ""content"": [{""type"": ""text"", ""text"": ""Query Image:\nClassify this image using only the labeled examples above.\nValid labels: [3, 0]\nFollow the exact XML structure required by the system instructions.""}, {""type"": ""image_url"", ""url_kind"": ""data_uri"", ""length"": 5923}]}]",f4f095fa1cc45ea3,"[{""role"": ""system"", ""content"": ""# TASK\n1. Analyze the provided labeled examples to identify the observable visual features that distinguish each class.\n2. Examine the Query Image and compare it strictly against the provided examples.\n3. Determine which label from the provided options best matches the Query Image.\n\n# INSTRUCTIONS\n- Base your decision only on observable visual evidence in the examples and the Query Image.\n- Use the examples to infer discriminative visual patterns for each class.\n- Do not use external world knowledge, hidden assumptions, or speculative attributes.\n- Use only labels from the provided final options list.\n- Choose exactly one final label.\n- Output only the requested XML tags and not any aditional ones.\n- Do not output any text outside the XML tags.\n- Follow the condition-specific XML blocks first, then output exactly one final <response> block.\n- The final line of the entire answer must be <response>final_class</response>.\n- Never omit the final <response> block, even when another explanation block is required.\n\nRepresent the classification evidence using minimal and concise Description Logic statements.\n\n# WHAT TO WRITE\n- In <tbox>, define the formal class conditions (Necessary, Sufficient, or Necessary & Sufficient) using Description Logic (DL) axioms in Web Ontology Language (OWL 2) derived from the labeled examples to describe which visual features are associated with each class.\n- In <abox>, state only the specific property assertions in DL OWL 2 observed in the Query Image to record which visual features are present.\n- In <dl_explanation>, list only the exact TBox rules triggered by the ABox assertions to classify the Query Image. Do not use natural language—include only the fired TBox rules.\n\n# HOW TO INTERPRET THE STATEMENTS\n- [Class1] ⊑ hasVisualFeature([F1]) means: images of this class tend to have this visual feature in the provided examples (necessary condition)\n- hasVisualFeature([F1]) ⊑ [Class1] means: observing this visual feature is enough to classify the image as from this class in the provided examples (Sufficient condition)\n- [Class1] ≡ hasVisualFeature([F1]) ⊓ hasVisualFeature([F2]) means: this combination of features defines this class in the provided examples (Necessary and sufficient condition)\n\n# RULES\n- Use only observable visual features.\n- Do not use hidden properties, external knowledge, or speculation.\n- Treat all axioms as visually grounded in the provided examples.\n- Keep the output concise.\n\n<tbox>\n- [Class1] ⊑ hasVisualFeature([F1])\n- hasVisualFeature([F2]) ⊑ [Class2]\n- [Class3] ≡ hasVisualFeature([F3]) ⊓ hasVisualFeature([F4])\n</tbox>\n\n<abox>\n- hasVisualFeature(Query, [F3])\n- hasVisualFeature(Query, [F4])\n</abox>\n<dl_explanation>\n- Rule(s) fired:  [Class3] ≡ hasVisualFeature([F3]) ⊓ hasVisualFeature([F4])\n- </dl_explanation>\n\n<response>final_class</response>\n\nThe content of <response> must be exactly one label copied verbatim from the provided options list.""}, {""role"": ""user"", ""content"": [{""type"": ""text"", ""text"": ""What is the class of this image?""}, {""type"": ""image_url"", ""url_kind"": ""data_uri"", ""length"": 5447}]}, {""role"": ""assistant"", ""content"": ""<response>3</response>""}, {""role"": ""user"", ""content"": [{""type"": ""text"", ""text"": ""What is the class of this image?""}, {""type"": ""image_url"", ""url_kind"": ""data_uri"", ""length"": 4747}]}, {""role"": ""assistant"", ""content"": ""<response>0</response>""}, {""role"": ""user"", ""content"": [{""type"": ""text"", ""text"": ""Query Image:\nClassify this image using only the labeled examples above.\nValid labels: [3, 0]\nFollow the exact XML structure required by the system instructions.""}, {""type"": ""image_url"", ""url_kind"": ""data_uri"", ""length"": 5923}]}]",datasets/cifar10/axioms_ontology_v2/N2_K1_Q1/run_0,datasets/cifar10/axioms_ontology_v2/N2_K1_Q1/run_0/conversations.jsonl,"<tbox>
- [Class3] ⊑ hasVisualFeature([F1])
- hasVisualFeature([F2]) ⊑ [Class0]
</tbox>

<abox>
- hasVisualFeature(Query, [F1])
</abox>
<dl_explanation>
- Rule(s) fired: [Class3] ⊑ hasVisualFeature([F1])
- </dl_explanation>

<response>3</response>"
2026-04-28T01:31:15.006092+02:00,cifar10,axioms_ontology_v2,qwen/qwen3-vl-8b-instruct,2,1,1,0,1,"[20929, 20355]",42804,0,0,1,,,,0,1.5320,1.5097,gen-1777332675-QYd5cJs0Iv4UacNEUcpU,stop,962,89,1051,"""Parasail""",episodes/seed_42/cifar10/episode_N2_K1_Q1_run0.npy,"[""3"", ""0""]","{""3"": ""cat"", ""0"": ""airplane""}","[{""kind"": ""support"", ""dataset_index"": 20929, ""order_index"": 1}, {""kind"": ""support"", ""dataset_index"": 20355, ""order_index"": 2}, {""kind"": ""query"", ""dataset_index"": 42804, ""order_index"": 1}]",82847fab7df8f96b,"[{""role"": ""system"", ""content"": ""# TASK\n1. Analyze the provided labeled examples to identify the observable visual features that distinguish each class.\n2. Examine the Query Image and compare it strictly against the provided examples.\n3. Determine which label from the provided options best matches the Query Image.\n\n# INSTRUCTIONS\n- Base your decision only on observable visual evidence in the examples and the Query Image.\n- Use the examples to infer discriminative visual patterns for each class.\n- Do not use external world knowledge, hidden assumptions, or speculative attributes.\n- Use only labels from the provided final options list.\n- Choose exactly one final label.\n- Output only the requested XML tags and not any aditional ones.\n- Do not output any text outside the XML tags.\n- Follow the condition-specific XML blocks first, then output exactly one final <response> block.\n- The final line of the entire answer must be <response>final_class</response>.\n- Never omit the final <response> block, even when another explanation block is required.\n\nRepresent the classification evidence using minimal and concise Description Logic statements.\n\n# WHAT TO WRITE\n- In <tbox>, define the formal class conditions (Necessary, Sufficient, or Necessary & Sufficient) using Description Logic (DL) axioms in Web Ontology Language (OWL 2) derived from the labeled examples to describe which visual features are associated with each class.\n- In <abox>, state only the specific property assertions in DL OWL 2 observed in the Query Image to record which visual features are present.\n- In <dl_explanation>, list only the exact TBox rules triggered by the ABox assertions to classify the Query Image. Do not use natural language—include only the fired TBox rules.\n\n# HOW TO INTERPRET THE STATEMENTS\n- [Class1] ⊑ hasVisualFeature([F1]) means: images of this class tend to have this visual feature in the provided examples (necessary condition)\n- hasVisualFeature([F1]) ⊑ [Class1] means: observing this visual feature is enough to classify the image as from this class in the provided examples (Sufficient condition)\n- [Class1] ≡ hasVisualFeature([F1]) ⊓ hasVisualFeature([F2]) means: this combination of features defines this class in the provided examples (Necessary and sufficient condition)\n\n# RULES\n- Use only observable visual features.\n- Do not use hidden properties, external knowledge, or speculation.\n- Treat all axioms as visually grounded in the provided examples.\n- Keep the output concise.\n\n<tbox>\n- [Class1] ⊑ hasVisualFeature([F1])\n- hasVisualFeature([F2]) ⊑ [Class2]\n- [Class3] ≡ hasVisualFeature([F3]) ⊓ hasVisualFeature([F4])\n</tbox>\n\n<abox>\n- hasVisualFeature(Query, [F3])\n- hasVisualFeature(Query, [F4])\n</abox>\n<dl_explanation>\n- Rule(s) fired:  [Class3] ≡ hasVisualFeature([F3]) ⊓ hasVisualFeature([F4])\n- </dl_explanation>\n\n<response>final_class</response>\n\nThe content of <response> must be exactly one label copied verbatim from the provided options list.""}, {""role"": ""user"", ""content"": [{""type"": ""text"", ""text"": ""What is the class of this image?""}, {""type"": ""image_url"", ""url_kind"": ""data_uri"", ""length"": 5447}]}, {""role"": ""assistant"", ""content"": ""<response>3</response>""}, {""role"": ""user"", ""content"": [{""type"": ""text"", ""text"": ""What is the class of this image?""}, {""type"": ""image_url"", ""url_kind"": ""data_uri"", ""length"": 4747}]}, {""role"": ""assistant"", ""content"": ""<response>0</response>""}, {""role"": ""user"", ""content"": [{""type"": ""text"", ""text"": ""Query Image:\nClassify this image using only the labeled examples above.\nValid labels: [3, 0]\nFollow the exact XML structure required by the system instructions.""}, {""type"": ""image_url"", ""url_kind"": ""data_uri"", ""length"": 3831}]}]",82847fab7df8f96b,"[{""role"": ""system"", ""content"": ""# TASK\n1. Analyze the provided labeled examples to identify the observable visual features that distinguish each class.\n2. Examine the Query Image and compare it strictly against the provided examples.\n3. Determine which label from the provided options best matches the Query Image.\n\n# INSTRUCTIONS\n- Base your decision only on observable visual evidence in the examples and the Query Image.\n- Use the examples to infer discriminative visual patterns for each class.\n- Do not use external world knowledge, hidden assumptions, or speculative attributes.\n- Use only labels from the provided final options list.\n- Choose exactly one final label.\n- Output only the requested XML tags and not any aditional ones.\n- Do not output any text outside the XML tags.\n- Follow the condition-specific XML blocks first, then output exactly one final <response> block.\n- The final line of the entire answer must be <response>final_class</response>.\n- Never omit the final <response> block, even when another explanation block is required.\n\nRepresent the classification evidence using minimal and concise Description Logic statements.\n\n# WHAT TO WRITE\n- In <tbox>, define the formal class conditions (Necessary, Sufficient, or Necessary & Sufficient) using Description Logic (DL) axioms in Web Ontology Language (OWL 2) derived from the labeled examples to describe which visual features are associated with each class.\n- In <abox>, state only the specific property assertions in DL OWL 2 observed in the Query Image to record which visual features are present.\n- In <dl_explanation>, list only the exact TBox rules triggered by the ABox assertions to classify the Query Image. Do not use natural language—include only the fired TBox rules.\n\n# HOW TO INTERPRET THE STATEMENTS\n- [Class1] ⊑ hasVisualFeature([F1]) means: images of this class tend to have this visual feature in the provided examples (necessary condition)\n- hasVisualFeature([F1]) ⊑ [Class1] means: observing this visual feature is enough to classify the image as from this class in the provided examples (Sufficient condition)\n- [Class1] ≡ hasVisualFeature([F1]) ⊓ hasVisualFeature([F2]) means: this combination of features defines this class in the provided examples (Necessary and sufficient condition)\n\n# RULES\n- Use only observable visual features.\n- Do not use hidden properties, external knowledge, or speculation.\n- Treat all axioms as visually grounded in the provided examples.\n- Keep the output concise.\n\n<tbox>\n- [Class1] ⊑ hasVisualFeature([F1])\n- hasVisualFeature([F2]) ⊑ [Class2]\n- [Class3] ≡ hasVisualFeature([F3]) ⊓ hasVisualFeature([F4])\n</tbox>\n\n<abox>\n- hasVisualFeature(Query, [F3])\n- hasVisualFeature(Query, [F4])\n</abox>\n<dl_explanation>\n- Rule(s) fired:  [Class3] ≡ hasVisualFeature([F3]) ⊓ hasVisualFeature([F4])\n- </dl_explanation>\n\n<response>final_class</response>\n\nThe content of <response> must be exactly one label copied verbatim from the provided options list.""}, {""role"": ""user"", ""content"": [{""type"": ""text"", ""text"": ""What is the class of this image?""}, {""type"": ""image_url"", ""url_kind"": ""data_uri"", ""length"": 5447}]}, {""role"": ""assistant"", ""content"": ""<response>3</response>""}, {""role"": ""user"", ""content"": [{""type"": ""text"", ""text"": ""What is the class of this image?""}, {""type"": ""image_url"", ""url_kind"": ""data_uri"", ""length"": 4747}]}, {""role"": ""assistant"", ""content"": ""<response>0</response>""}, {""role"": ""user"", ""content"": [{""type"": ""text"", ""text"": ""Query Image:\nClassify this image using only the labeled examples above.\nValid labels: [3, 0]\nFollow the exact XML structure required by the system instructions.""}, {""type"": ""image_url"", ""url_kind"": ""data_uri"", ""length"": 3831}]}]",datasets/cifar10/axioms_ontology_v2/N2_K1_Q1/run_0,datasets/cifar10/axioms_ontology_v2/N2_K1_Q1/run_0/conversations.jsonl,"<tbox>
- [Class0] ⊑ hasVisualFeature([F1])
- hasVisualFeature([F2]) ⊑ [Class3]
</tbox>

<abox>
- hasVisualFeature(Query, [F1])
</abox>
<dl_explanation>
- Rule(s) fired: [Class0] ⊑ hasVisualFeature([F1])
- </dl_explanation>

<response>0</response>"
